{"id":"20101231_114103_3042416_RapidEye-2","type":"Feature","geometry":{"coordinates":[[[-2.7870565,7.3866711],[-2.560524,7.3865053],[-2.560744,7.1603659],[-2.7871626,7.1605262],[-2.7870565,7.3866711]]],"type":"Polygon"},"properties":{"acquired":"2010-12-31T11:41:03Z","anomalous_pixels":0,"black_fill":0,"catalog_id":"5174409","cloud_cover":0,"columns":5000,"epsg_code":32630,"grid_cell":"3042416","ground_control":true,"gsd":6.5,"item_type":"REOrthoTile","origin_x":523500,"origin_y":816500,"pixel_resolution":5,"provider":"rapideye","published":"2017-08-23T13:49:21Z","rows":5000,"satellite_id":"RapidEye-2","strip_id":"5174355","sun_azimuth":165.49168,"sun_elevation":58.66161,"updated":"2020-06-09T16:20:17Z","usable_data":1,"view_angle":-6.40907}}
