{"id":"20111214_114447_3042416_RapidEye-2","type":"Feature","geometry":{"coordinates":[[[-2.7870565,7.3866711],[-2.560524,7.3865053],[-2.560744,7.1603659],[-2.7871626,7.1605262],[-2.7870565,7.3866711]]],"type":"Polygon"},"properties":{"acquired":"2011-12-14T11:44:47Z","anomalous_pixels":0,"black_fill":0,"catalog_id":"8171043","cloud_cover":0,"columns":5000,"epsg_code":32630,"grid_cell":"3042416","ground_control":true,"gsd":6.5,"item_type":"REOrthoTile","origin_x":523500,"origin_y":816500,"pixel_resolution":5,"provider":"rapideye","published":"2017-08-19T22:50:29Z","rows":5000,"satellite_id":"RapidEye-2","strip_id":"8170954","sun_azimuth":170.83563,"sun_elevation":59.16639,"updated":"2020-06-09T16:32:25Z","usable_data":1,"view_angle":-6.55595}}
