{"id":"20121221_114709_3042416_RapidEye-3","type":"Feature","geometry":{"coordinates":[[[-2.7870565,7.3866711],[-2.560524,7.3865053],[-2.560744,7.1603659],[-2.7871626,7.1605262],[-2.7870565,7.3866711]]],"type":"Polygon"},"properties":{"acquired":"2012-12-21T11:47:09Z","anomalous_pixels":0,"black_fill":0,"catalog_id":"11459395","cloud_cover":0,"columns":5000,"epsg_code":32630,"grid_cell":"3042416","ground_control":true,"gsd":6.5,"item_type":"REOrthoTile","origin_x":523500,"origin_y":816500,"pixel_resolution":5,"provider":"rapideye","published":"2017-08-15T01:30:31Z","rows":5000,"satellite_id":"RapidEye-3","strip_id":"11459295","sun_azimuth":170.28871,"sun_elevation":58.87789,"updated":"2020-06-09T19:32:32Z","usable_data":1,"view_angle":-19.86257}}
