{"id":"20131220_113357_3042416_RapidEye-1","type":"Feature","geometry":{"coordinates":[[[-2.7870565,7.3866711],[-2.560524,7.3865053],[-2.560744,7.1603659],[-2.7871626,7.1605262],[-2.7870565,7.3866711]]],"type":"Polygon"},"properties":{"acquired":"2013-12-20T11:33:57Z","anomalous_pixels":0,"black_fill":0,"catalog_id":"14965599","cloud_cover":0,"columns":5000,"epsg_code":32630,"grid_cell":"3042416","ground_control":true,"gsd":6.5,"item_type":"REOrthoTile","origin_x":523500,"origin_y":816500,"pixel_resolution":5,"provider":"rapideye","published":"2016-11-17T13:37:57Z","rows":5000,"satellite_id":"RapidEye-1","strip_id":"14965522","sun_azimuth":164.90677,"sun_elevation":58.21304,"updated":"2020-06-04T16:17:39Z","usable_data":1,"view_angle":16.06105}}
