{"id":"20140121_113924_3042416_RapidEye-4","type":"Feature","geometry":{"coordinates":[[[-2.7870565,7.3866711],[-2.560524,7.3865053],[-2.560744,7.1603659],[-2.7871626,7.1605262],[-2.7870565,7.3866711]]],"type":"Polygon"},"properties":{"acquired":"2014-01-21T11:39:24Z","anomalous_pixels":0,"black_fill":0,"catalog_id":"15284391","cloud_cover":0,"columns":5000,"epsg_code":32630,"grid_cell":"3042416","ground_control":true,"gsd":6.5,"item_type":"REOrthoTile","origin_x":523500,"origin_y":816500,"pixel_resolution":5,"provider":"rapideye","published":"2016-09-16T14:13:34Z","rows":5000,"satellite_id":"RapidEye-4","strip_id":"15284301","sun_azimuth":159.03251,"sun_elevation":60.96297,"updated":"2020-06-09T22:38:23Z","usable_data":1,"view_angle":-9.89718}}
