<?xml version="1.0" encoding="UTF-8"?>
<ps:EarthObservation xsi:schemaLocation="http://schemas.planet.com/ps/v1/planet_product_metadata_geocorrected_level http://schemas.planet.com/ps/v1/planet_product_metadata_geocorrected_level.xsd" xmlns:xsi="http://www.w3.org/2001/XMLSchema-instance" xmlns:xs="http://www.w3.org/2001/XMLSchema" xmlns:xlink="http://www.w3.org/1999/xlink" xmlns:opt="http://earth.esa.int/opt" xmlns:gml="http://www.opengis.net/gml" xmlns:eop="http://earth.esa.int/eop" version="1.2.1" planet_standard_product_version="1.0" xmlns:ps="http://schemas.planet.com/ps/v1/planet_product_metadata_geocorrected_level">
  <gml:metaDataProperty>
    <ps:EarthObservationMetaData>
      <eop:identifier>20151211_134131_0c18_3B_Visual</eop:identifier>
      <eop:acquisitionType>NOMINAL</eop:acquisitionType>
      <eop:productType>L3B</eop:productType>
      <eop:status>ARCHIVED</eop:status>
      <eop:downlinkedTo>
        <eop:DownlinkInformation>
          <eop:acquisitionStation codeSpace="urn:eop:PS:stationLocation">Planet Ground Station Network</eop:acquisitionStation>
          <eop:acquisitionDate>2015-12-11T13:41:31+00:00</eop:acquisitionDate>
        </eop:DownlinkInformation>
      </eop:downlinkedTo>
      <eop:archivedIn>
        <eop:ArchivingInformation>
          <eop:archivingCenter codeSpace="urn:eop:PS:stationLocation">Planet Archive Center</eop:archivingCenter>
          <eop:archivingDate>2015-12-11T13:41:31+00:00</eop:archivingDate>
          <eop:archivingIdentifier codeSpace="urn:eop:PS:dmsCatalogueId">110976</eop:archivingIdentifier>
        </eop:ArchivingInformation>
      </eop:archivedIn>
      <eop:processing>
        <eop:ProcessingInformation>
          <eop:processorName>CMO Processor</eop:processorName>
          <eop:processorVersion>4.1.4</eop:processorVersion>
          <eop:nativeProductFormat>GeoTIFF</eop:nativeProductFormat>
        </eop:ProcessingInformation>
      </eop:processing>
      <ps:license>
        <ps:licenseType>20160101 - Inc - Single User</ps:licenseType>
        <ps:resourceLink xlink:title="PL EULA" xlink:href="https://assets.planet.com/docs/20160101_Inc_SingleUser.txt" />
      </ps:license>
      <ps:versionIsd>1.0</ps:versionIsd>
      <ps:pixelFormat>8U</ps:pixelFormat>
    </ps:EarthObservationMetaData>
  </gml:metaDataProperty>
  <gml:validTime>
    <gml:TimePeriod>
      <gml:beginPosition>2015-12-11T13:41:31+00:00</gml:beginPosition>
      <gml:endPosition>2015-12-11T13:41:31+00:00</gml:endPosition>
    </gml:TimePeriod>
  </gml:validTime>
  <gml:using>
    <eop:EarthObservationEquipment>
      <eop:platform>
        <eop:Platform>
          <eop:shortName>PlanetScope</eop:shortName>
          <eop:serialIdentifier>0c18</eop:serialIdentifier>
          <eop:orbitType>LEO-ISS</eop:orbitType>
        </eop:Platform>
      </eop:platform>
      <eop:instrument>
        <eop:Instrument>
          <eop:shortName>PS2</eop:shortName>
        </eop:Instrument>
      </eop:instrument>
      <eop:sensor>
        <ps:Sensor>
          <eop:sensorType>OPTICAL</eop:sensorType>
          <eop:resolution uom="m">3.0000</eop:resolution>
          <ps:scanType>FRAME</ps:scanType>
        </ps:Sensor>
      </eop:sensor>
      <eop:acquisitionParameters>
        <ps:Acquisition>
          <eop:orbitDirection>DESCENDING</eop:orbitDirection>
          <eop:incidenceAngle uom="deg">3.067484e+00</eop:incidenceAngle>
          <opt:illuminationAzimuthAngle uom="deg">2.178322e+02</opt:illuminationAzimuthAngle>
          <opt:illuminationElevationAngle uom="deg">5.139553e+01</opt:illuminationElevationAngle>
          <ps:azimuthAngle uom="deg">2.141652e+02</ps:azimuthAngle>
          <ps:spaceCraftViewAngle uom="deg">2.892636e+00</ps:spaceCraftViewAngle>
          <ps:acquisitionDateTime>2015-12-11T13:41:31+00:00</ps:acquisitionDateTime>
        </ps:Acquisition>
      </eop:acquisitionParameters>
    </eop:EarthObservationEquipment>
  </gml:using>
  <gml:target>
    <ps:Footprint>
      <gml:multiExtentOf>
        <gml:MultiSurface srsName="EPSG:4326">
          <gml:surfaceMembers>
            <gml:Polygon>
              <gml:outerBoundaryIs>
                <gml:LinearRing>
                  <gml:coordinates>-2.73005467316478,7.17476334506236 -2.73005467316478,7.17761994893764 -2.72721067883522,7.17761994893764 -2.72721067883522,7.17476334506236 -2.73005467316478,7.17476334506236</gml:coordinates>
                </gml:LinearRing>
              </gml:outerBoundaryIs>
            </gml:Polygon>
          </gml:surfaceMembers>
        </gml:MultiSurface>
      </gml:multiExtentOf>
      <gml:centerOf>
        <gml:Point srsName="EPSG:4326">
          <gml:pos>-2.67930589344 7.14894266107</gml:pos>
        </gml:Point>
      </gml:centerOf>
      <ps:geographicLocation>
        <ps:topLeft>
          <ps:latitude>7.25002525058</ps:latitude>
          <ps:longitude>-2.78701301112</ps:longitude>
        </ps:topLeft>
        <ps:topRight>
          <ps:latitude>7.25002525058</ps:latitude>
          <ps:longitude>-2.57162517506</ps:longitude>
        </ps:topRight>
        <ps:bottomRight>
          <ps:latitude>7.04790807681</ps:latitude>
          <ps:longitude>-2.57162517506</ps:longitude>
        </ps:bottomRight>
        <ps:bottomLeft>
          <ps:latitude>7.04790807681</ps:latitude>
          <ps:longitude>-2.78701301112</ps:longitude>
        </ps:bottomLeft>
      </ps:geographicLocation>
    </ps:Footprint>
  </gml:target>
  <gml:resultOf>
    <ps:EarthObservationResult>
      <eop:product>
        <ps:ProductInformation>
          <eop:fileName>/execdir/20151211_134131_0c18_3B_Visual_clip.tif</eop:fileName>
          <ps:productFormat>GeoTIFF</ps:productFormat>
          <ps:spatialReferenceSystem>
            <ps:epsgCode>32630</ps:epsgCode>
            <ps:geodeticDatum>WGS_1984</ps:geodeticDatum>
            <ps:projection>WGS 84 / UTM zone 30N</ps:projection>
            <ps:projectionZone>30</ps:projectionZone>
          </ps:spatialReferenceSystem>
          <ps:resamplingKernel>CC</ps:resamplingKernel>
          <ps:numRows>106</ps:numRows>
          <ps:numColumns>106</ps:numColumns>
          <ps:numBands>3</ps:numBands>
          <ps:rowGsd>3.0</ps:rowGsd>
          <ps:columnGsd>3.0</ps:columnGsd>
          <ps:radiometricCorrectionApplied>false</ps:radiometricCorrectionApplied>
          <ps:geoCorrectionLevel>Precision Geocorrection</ps:geoCorrectionLevel>
          <ps:elevationCorrectionApplied>FineDEM</ps:elevationCorrectionApplied>
          <ps:atmosphericCorrectionApplied>false</ps:atmosphericCorrectionApplied>
        </ps:ProductInformation>
      </eop:product>
      <eop:mask>
        <eop:MaskInformation>
          <eop:type>UNUSABLE DATA</eop:type>
          <eop:format>RASTER</eop:format>
          <eop:referenceSystemIdentifier codeSpace="EPSG">32630</eop:referenceSystemIdentifier>
          <eop:fileName>/execdir/NA_clip.tif</eop:fileName>
        </eop:MaskInformation>
      </eop:mask>
      <opt:cloudCoverPercentage uom="percentage">0.0</opt:cloudCoverPercentage>
      <opt:cloudCoverPercentageQuotationMode>AUTOMATIC</opt:cloudCoverPercentageQuotationMode>
      <ps:unusableDataPercentage uom="percentage">0.0</ps:unusableDataPercentage>
      <ps:bandSpecificMetadata>
        <ps:bandNumber>1</ps:bandNumber>
      </ps:bandSpecificMetadata>
      <ps:bandSpecificMetadata>
        <ps:bandNumber>2</ps:bandNumber>
      </ps:bandSpecificMetadata>
      <ps:bandSpecificMetadata>
        <ps:bandNumber>3</ps:bandNumber>
      </ps:bandSpecificMetadata>
    </ps:EarthObservationResult>
  </gml:resultOf>
</ps:EarthObservation>
