{"id":"20151211_134131_0c18","type":"Feature","geometry":{"coordinates":[[[-2.6419956830949847,7.047908076812933],[-2.5716251750632364,7.143853958159359],[-2.716503351316641,7.25002525057615],[-2.7870130111154294,7.153926042822568],[-2.6419956830949847,7.047908076812933]]],"type":"Polygon"},"properties":{"acquired":"2015-12-11T13:41:31.135851Z","anomalous_pixels":0,"cloud_cover":0,"columns":7929,"epsg_code":32630,"ground_control":true,"gsd":3,"instrument":"PS2","item_type":"PSScene3Band","origin_x":523515,"origin_y":801399,"pixel_resolution":3,"provider":"planetscope","published":"2016-09-28T12:42:03Z","publishing_stage":"finalized","quality_category":"test","rows":7447,"satellite_id":"0c18","strip_id":"110976","sun_azimuth":217.8,"sun_elevation":51.4,"updated":"2017-06-06T08:13:28Z","view_angle":2.9}}
