{"id":"20191208_101623_1032","type":"Feature","geometry":{"coordinates":[[[-2.809494896610806,7.250083893866733],[-2.583384153401179,7.205320474036426],[-2.597600984329842,7.132258784462849],[-2.824119449499807,7.176911798704769],[-2.812268680922622,7.237756786830567],[-2.811905898633833,7.237685417758104],[-2.809494896610806,7.250083893866733]]],"type":"Polygon"},"properties":{"acquired":"2019-12-08T10:16:23.802771Z","anomalous_pixels":0.01,"clear_confidence_percent":72,"clear_percent":97,"cloud_cover":0,"cloud_percent":2,"columns":8860,"epsg_code":32630,"ground_control":true,"gsd":3.9,"heavy_haze_percent":0,"instrument":"PS2","item_type":"PSScene4Band","light_haze_percent":1,"origin_x":519417,"origin_y":801402,"pixel_resolution":3,"provider":"planetscope","published":"2019-12-09T04:21:17Z","publishing_stage":"finalized","quality_category":"standard","rows":4338,"satellite_id":"1032","shadow_percent":0,"snow_ice_percent":0,"strip_id":"2914169","sun_azimuth":139.9,"sun_elevation":50.6,"updated":"2019-12-09T04:21:17Z","view_angle":2.9,"visible_confidence_percent":58,"visible_percent":98}}
