{"id":"20200225_100809_0e3a","type":"Feature","geometry":{"coordinates":[[[-2.881580977043832,7.275571864006273],[-2.660079939608076,7.233307794533442],[-2.673668867410067,7.161505404010181],[-2.896773380833232,7.204286268276952],[-2.884861458492398,7.26721627340095],[-2.883223522416825,7.266901069147673],[-2.881580977043832,7.275571864006273]]],"type":"Polygon"},"properties":{"acquired":"2020-02-25T10:08:09.21297Z","anomalous_pixels":0.01,"clear_confidence_percent":76,"clear_percent":55,"cloud_cover":0,"cloud_percent":0,"columns":8711,"epsg_code":32630,"ground_control":true,"gsd":3.8,"heavy_haze_percent":0,"instrument":"PS2","item_type":"PSScene4Band","light_haze_percent":45,"origin_x":511395,"origin_y":804216,"pixel_resolution":3,"provider":"planetscope","published":"2020-02-25T22:52:28Z","publishing_stage":"finalized","quality_category":"standard","rows":4201,"satellite_id":"0e3a","shadow_percent":0,"snow_ice_percent":0,"strip_id":"3173830","sun_azimuth":115.2,"sun_elevation":52.2,"updated":"2020-02-26T04:25:10Z","view_angle":2.6,"visible_confidence_percent":66,"visible_percent":100}}
