<?xml version="1.0" encoding="UTF-8"?>
<re:EarthObservation xsi:schemaLocation="http://schemas.planet.com/products/productMetadataGeocorrected http://schemas.planet.com/products/re/4.0/RapidEye_ProductMetadata_GeocorrectedLevel.xsd" xmlns:xsi="http://www.w3.org/2001/XMLSchema-instance" xmlns:xs="http://www.w3.org/2001/XMLSchema" xmlns:xlink="http://www.w3.org/1999/xlink" xmlns:opt="http://earth.esa.int/opt" xmlns:gml="http://www.opengis.net/gml" xmlns:eop="http://earth.esa.int/eop" version="1.2.1" re_standard_product_version="4.0" xmlns:re="http://schemas.planet.com/products/productMetadataGeocorrected" xmlns:re_traditional="http://schemas.rapideye.de/products/productMetadataGeocorrected">
  <gml:metaDataProperty>
    <re:EarthObservationMetaData>
      <eop:identifier>3042416_2011-12-14_RE2_3A_Analytic</eop:identifier>
      <eop:acquisitionType>NOMINAL</eop:acquisitionType>
      <eop:productType>L3A</eop:productType>
      <eop:status>ARCHIVED</eop:status>
      <eop:downlinkedTo>
        <eop:DownlinkInformation>
          <eop:acquisitionStation codeSpace="urn:eop:RE:stationLocation">Svalbard</eop:acquisitionStation>
          <eop:acquisitionDate>2011-12-14T11:44:47.243330Z</eop:acquisitionDate>
        </eop:DownlinkInformation>
      </eop:downlinkedTo>
      <eop:archivedIn>
        <eop:ArchivingInformation>
          <eop:archivingCenter codeSpace="urn:eop:RE:stationLocation">AWS</eop:archivingCenter>
          <eop:archivingDate>2017-04-03T14:19:59.273427</eop:archivingDate>
          <eop:archivingIdentifier codeSpace="urn:eop:RE:dmsCatalogueId">981288</eop:archivingIdentifier>
        </eop:ArchivingInformation>
      </eop:archivedIn>
      <eop:processing>
        <eop:ProcessingInformation>
          <eop:processorName>DPS</eop:processorName>
          <eop:processorVersion>4.1.4</eop:processorVersion>
          <eop:nativeProductFormat>GeoTIFF</eop:nativeProductFormat>
        </eop:ProcessingInformation>
      </eop:processing>
      <re:license>
        <re:licenseType>20160101 - Inc - Single User</re:licenseType>
        <re:resourceLink xlink:title="PL EULA" xlink:href="https://assets.planet.com/docs/20160101_Inc_SingleUser.txt" />
      </re:license>
      <re:versionIsd>4.0</re:versionIsd>
      <re:orderId>1599588659</re:orderId>
      <re:tileId>3042416</re:tileId>
      <re:pixelFormat>16U</re:pixelFormat>
    </re:EarthObservationMetaData>
  </gml:metaDataProperty>
  <gml:validTime>
    <gml:TimePeriod>
      <gml:beginPosition>2011-12-14T11:43:55</gml:beginPosition>
      <gml:endPosition>2011-12-14T11:45:27</gml:endPosition>
    </gml:TimePeriod>
  </gml:validTime>
  <gml:using>
    <eop:EarthObservationEquipment>
      <eop:platform>
        <eop:Platform>
          <eop:shortName>RE00</eop:shortName>
          <eop:serialIdentifier>RapidEye-2</eop:serialIdentifier>
          <eop:orbitType>LEO</eop:orbitType>
        </eop:Platform>
      </eop:platform>
      <eop:instrument>
        <eop:Instrument>
          <eop:shortName>MSI</eop:shortName>
        </eop:Instrument>
      </eop:instrument>
      <eop:sensor>
        <re:Sensor>
          <eop:sensorType>OPTICAL</eop:sensorType>
          <eop:resolution uom="m">6.5</eop:resolution>
          <re:scanType>PUSHBROOM</re:scanType>
        </re:Sensor>
      </eop:sensor>
      <eop:acquisitionParameters>
        <re:Acquisition>
          <eop:orbitDirection>DESCENDING</eop:orbitDirection>
          <eop:incidenceAngle uom="deg">6.850000e+00</eop:incidenceAngle>
          <opt:illuminationAzimuthAngle uom="deg">1.708140e+02</opt:illuminationAzimuthAngle>
          <opt:illuminationElevationAngle uom="deg">5.916446e+01</opt:illuminationElevationAngle>
          <re:azimuthAngle uom="deg">9.779000e+01</re:azimuthAngle>
          <re:spaceCraftViewAngle uom="deg">-6.829488e+00</re:spaceCraftViewAngle>
          <re:acquisitionDateTime>2011-12-14T11:44:47.243330Z</re:acquisitionDateTime>
        </re:Acquisition>
      </eop:acquisitionParameters>
    </eop:EarthObservationEquipment>
  </gml:using>
  <gml:target>
    <re:Footprint>
      <gml:multiExtentOf>
        <gml:MultiSurface srsName="EPSG:4326">
          <gml:surfaceMembers>
            <gml:MultiGeometry />
          </gml:surfaceMembers>
        </gml:MultiSurface>
      </gml:multiExtentOf>
      <gml:centerOf>
        <gml:Point srsName="EPSG:4326">
          <gml:pos>-2.6738722 7.2735266</gml:pos>
        </gml:Point>
      </gml:centerOf>
      <re:geographicLocation>
        <re:topLeft>
          <re:latitude>7.386648599300875e+00</re:latitude>
          <re:longitude>-2.787033749592046e+00</re:longitude>
        </re:topLeft>
        <re:topRight>
          <re:latitude>7.386483102612804e+00</re:latitude>
          <re:longitude>-2.560546688217917e+00</re:longitude>
        </re:topRight>
        <re:bottomRight>
          <re:latitude>7.160388586861419e+00</re:latitude>
          <re:longitude>-2.560766509102378e+00</re:longitude>
        </re:bottomRight>
        <re:bottomLeft>
          <re:latitude>7.160548965976961e+00</re:latitude>
          <re:longitude>-2.787140281576188e+00</re:longitude>
        </re:bottomLeft>
      </re:geographicLocation>
    </re:Footprint>
  </gml:target>
  <gml:resultOf>
    <re:EarthObservationResult>
      <eop:product>
        <re:ProductInformation>
          <eop:fileName>/execdir/3042416_2011-12-14_RE2_3A_Analytic_clip.tif</eop:fileName>
          <eop:size uom="KB">2.429987182617188e+02</eop:size>
          <re:productFormat>GeoTIFF</re:productFormat>
          <re:spatialReferenceSystem>
            <re:epsgCode>32630</re:epsgCode>
            <re:geodeticDatum>WGS_1984</re:geodeticDatum>
            <re:projection>WGS 84 / UTM zone 30N</re:projection>
            <re:projectionZone>30</re:projectionZone>
          </re:spatialReferenceSystem>
          <re:resamplingKernel>CC</re:resamplingKernel>
          <re:numRows>64</re:numRows>
          <re:numColumns>64</re:numColumns>
          <re:numBands>5</re:numBands>
          <re:rowGsd>5</re:rowGsd>
          <re:columnGsd>5</re:columnGsd>
          <re:radiometricCorrectionApplied>true</re:radiometricCorrectionApplied>
          <re:geoCorrectionLevel>Precision Geocorrection</re:geoCorrectionLevel>
          <re:elevationCorrectionApplied>FineDEM</re:elevationCorrectionApplied>
          <re:atmosphericCorrectionApplied>false</re:atmosphericCorrectionApplied>
        </re:ProductInformation>
      </eop:product>
      <eop:mask>
        <eop:MaskInformation>
          <eop:type>UNUSABLE DATA</eop:type>
          <eop:format>RASTER</eop:format>
          <eop:referenceSystemIdentifier codeSpace="EPSG">32621</eop:referenceSystemIdentifier>
          <eop:fileName>/execdir/3042416_2011-12-14_RE2_3A_udm_clip.tif</eop:fileName>
        </eop:MaskInformation>
      </eop:mask>
      <opt:cloudCoverPercentage uom="percentage">0.0</opt:cloudCoverPercentage>
      <opt:cloudCoverPercentageQuotationMode>AUTOMATIC</opt:cloudCoverPercentageQuotationMode>
      <re:unusableDataPercentage uom="percentage">0.0</re:unusableDataPercentage>
      <re:bandSpecificMetadata>
        <re:bandNumber>1</re:bandNumber>
        <re:percentMissingLines>0.000000000000000e+00</re:percentMissingLines>
        <re:percentSuspectLines>0.000000000000000e+00</re:percentSuspectLines>
        <re:binning>1x1</re:binning>
        <re:shifting>1</re:shifting>
        <re:masking>111</re:masking>
        <re:radiometricScaleFactor>9.999999776482582e-03</re:radiometricScaleFactor>
      </re:bandSpecificMetadata>
      <re:bandSpecificMetadata>
        <re:bandNumber>2</re:bandNumber>
        <re:percentMissingLines>0.000000000000000e+00</re:percentMissingLines>
        <re:percentSuspectLines>0.000000000000000e+00</re:percentSuspectLines>
        <re:binning>1x1</re:binning>
        <re:shifting>1</re:shifting>
        <re:masking>111</re:masking>
        <re:radiometricScaleFactor>9.999999776482582e-03</re:radiometricScaleFactor>
      </re:bandSpecificMetadata>
      <re:bandSpecificMetadata>
        <re:bandNumber>3</re:bandNumber>
        <re:percentMissingLines>0.000000000000000e+00</re:percentMissingLines>
        <re:percentSuspectLines>0.000000000000000e+00</re:percentSuspectLines>
        <re:binning>1x1</re:binning>
        <re:shifting>1</re:shifting>
        <re:masking>111</re:masking>
        <re:radiometricScaleFactor>9.999999776482582e-03</re:radiometricScaleFactor>
      </re:bandSpecificMetadata>
      <re:bandSpecificMetadata>
        <re:bandNumber>4</re:bandNumber>
        <re:percentMissingLines>0.000000000000000e+00</re:percentMissingLines>
        <re:percentSuspectLines>0.000000000000000e+00</re:percentSuspectLines>
        <re:binning>1x1</re:binning>
        <re:shifting>1</re:shifting>
        <re:masking>111</re:masking>
        <re:radiometricScaleFactor>9.999999776482582e-03</re:radiometricScaleFactor>
      </re:bandSpecificMetadata>
      <re:bandSpecificMetadata>
        <re:bandNumber>5</re:bandNumber>
        <re:percentMissingLines>0.000000000000000e+00</re:percentMissingLines>
        <re:percentSuspectLines>0.000000000000000e+00</re:percentSuspectLines>
        <re:binning>1x1</re:binning>
        <re:shifting>1</re:shifting>
        <re:masking>111</re:masking>
        <re:radiometricScaleFactor>9.999999776482582e-03</re:radiometricScaleFactor>
      </re:bandSpecificMetadata>
    </re:EarthObservationResult>
  </gml:resultOf>
</re:EarthObservation>
