{"id":"20151117_092819_3541508_RapidEye-4","type":"Feature","geometry":{"coordinates":[[[25.4791278,5.4308333],[25.7047337,5.4313598],[25.705206,5.2052542],[25.4796826,5.2047504],[25.4791278,5.4308333]]],"type":"Polygon"},"properties":{"acquired":"2015-11-17T09:28:19Z","anomalous_pixels":0,"black_fill":0,"catalog_id":"23230306","cloud_cover":0,"columns":5000,"epsg_code":32635,"grid_cell":"3541508","ground_control":true,"gsd":6.5,"item_type":"REOrthoTile","origin_x":331500,"origin_y":600500,"pixel_resolution":5,"provider":"rapideye","published":"2016-08-19T01:01:59Z","rows":5000,"satellite_id":"RapidEye-4","strip_id":"23230300","sun_azimuth":161.04795,"sun_elevation":64.35337,"updated":"2020-06-09T23:25:21Z","usable_data":1,"view_angle":-6.45247}}
