{"id":"20161227_075724_0e2f","type":"Feature","geometry":{"coordinates":[[[25.45228463822051,5.351555541896022],[25.437522104103458,5.275652789861138],[25.674750262890168,5.23003855908318],[25.689104999057882,5.306026748729312],[25.45228463822051,5.351555541896022]]],"type":"Polygon"},"properties":{"acquired":"2016-12-27T07:57:24.370624Z","anomalous_pixels":0,"cloud_cover":0,"columns":9299,"epsg_code":32635,"ground_control":true,"gsd":4.1,"instrument":"PS2","item_type":"PSScene3Band","origin_x":326844,"origin_y":591741,"pixel_resolution":3,"provider":"planetscope","published":"2016-12-28T03:44:31Z","publishing_stage":"finalized","quality_category":"standard","rows":4498,"satellite_id":"0e2f","strip_id":"341892","sun_azimuth":131,"sun_elevation":45.2,"updated":"2017-05-29T18:28:29Z","view_angle":0.1}}
