{"id":"20171230_091750_101c","type":"Feature","geometry":{"coordinates":[[[25.39156345085605,5.363231734217221],[25.40402706200667,5.29582687740997],[25.612581918267004,5.3352113932923615],[25.599667319348796,5.402684847536141],[25.39156345085605,5.363231734217221]]],"type":"Polygon"},"properties":{"acquired":"2017-12-30T09:17:50.310536Z","anomalous_pixels":0,"cloud_cover":0,"columns":8164,"epsg_code":32635,"ground_control":true,"gsd":3.6,"instrument":"PS2","item_type":"PSScene3Band","origin_x":321774,"origin_y":597357,"pixel_resolution":3,"provider":"planetscope","published":"2017-12-30T13:29:46Z","publishing_stage":"finalized","quality_category":"standard","rows":3922,"satellite_id":"101c","strip_id":"1025435","sun_azimuth":152.1,"sun_elevation":57.7,"updated":"2017-12-30T13:29:46Z","view_angle":2}}
