{"id":"20191230_082209_1001","type":"Feature","geometry":{"coordinates":[[[25.495282820381938,5.384117256075628],[25.481124970887908,5.312721992125644],[25.703630476199262,5.269035999011993],[25.717358453580324,5.340312069768174],[25.495282820381938,5.384117256075628]]],"type":"Polygon"},"properties":{"acquired":"2019-12-30T08:22:09.446364Z","anomalous_pixels":0.01,"cloud_cover":0,"columns":8731,"epsg_code":32635,"ground_control":true,"gsd":3.8,"instrument":"PS2","item_type":"PSScene3Band","origin_x":331686,"origin_y":595332,"pixel_resolution":3,"provider":"planetscope","published":"2019-12-30T18:15:55Z","publishing_stage":"finalized","quality_category":"standard","rows":4260,"satellite_id":"1001","strip_id":"2984796","sun_azimuth":136,"sun_elevation":49.7,"updated":"2019-12-30T18:15:55Z","view_angle":3}}
