{"id":"20200228_082347_1001","type":"Feature","geometry":{"coordinates":[[[25.343817833274944,5.385607109224348],[25.32938799323711,5.3129683970277215],[25.555652015427462,5.268360236604175],[25.56971210261994,5.341016009781107],[25.343817833274944,5.385607109224348]]],"type":"Polygon"},"properties":{"acquired":"2020-02-28T08:23:47.296151Z","anomalous_pixels":0.01,"cloud_cover":0,"columns":8883,"epsg_code":32635,"ground_control":true,"gsd":3.9,"instrument":"PS2","item_type":"PSScene3Band","origin_x":314868,"origin_y":595539,"pixel_resolution":3,"provider":"planetscope","published":"2020-02-28T17:30:32Z","publishing_stage":"finalized","quality_category":"standard","rows":4342,"satellite_id":"1001","strip_id":"3183685","sun_azimuth":112.7,"sun_elevation":55.7,"updated":"2020-02-28T18:31:07Z","view_angle":1}}
